id,forward_force_mean,right_force_mean,angular_velocity_mean,value
0,0,0,0,-22.773901051576143
1,0,0,-200,-23.969377559134134
2,0,0,0,-25.22776585193778
3,400,0,0,-26.55238510752056
4,400,-400,0,-27.946721166028752
5,0,400,200,-29.41444333287948
6,400,-400,0,-30.959414034827613
7,400,0,0,-32.585698984246704
8,700,0,0,-33.90748293399811
9,700,0,0,-21.711123943328857
