id,forward_force_mean,right_force_mean,angular_velocity_mean,value
0,0,400,0,-0.5916229137931077
1,0,0,0,0.005659999643103219
2,0,0,0,0.002799999841954559
